{"cameraMode":{"drawMode":0,"name":"Shaded","section":"Shading Mode"},"sceneLighting":true,"audioPlay":false,"sceneViewState":{"m_AlwaysRefresh":false,"showFog":true,"showSkybox":true,"showFlares":true,"showImageEffects":true,"showParticleSystems":true,"showVisualEffectGraphs":true,"m_FxEnabled":true},"in2DMode":false,"pivot":{"x":-22.347978591918947,"y":11.79122543334961,"z":18.316301345825197},"rotation":{"x":0.11192402243614197,"y":0.7724395394325256,"z":-0.1420050710439682,"w":0.6088129878044128},"size":0.8660253882408142,"orthographic":false}